ZN-E,PH-E,SS-E,SSV-E ,SED-E,COND-E,PH-P,PH-D,PH-S,SS-S,SSV-S,SED-S,COND-S,SAFE
8.70,7.5,274,46.0,?,1186,7.3,7.1,7.0,18,83.3,?,1272,1
8.50,7.5,240,55.0,3.8,1087,7.5,7.5,7.1,17,94.1,0.00,1223,1
1.00,7.7,150,53.3,?,1509,7.7,7.6,7.2,10,72.0,?,1548,1
1.50,7.8,166,66.3,4.5,2110,7.9,7.9,7.3,21,81.0,0.02,2000,1
1.20,7.4,252,61.1,7.0,1533,7.4,7.4,7.3,20,82.5,0.00,1402,1
2.00,7.6,188,60.6,4.5,1301,7.6,7.6,7.3,20,70.0,0.00,1262,1
3.50,7.5,504,45.2,7.3,1016,7.5,7.5,7.3,25,72.0,0.05,1164,1
1.00,7.5,260,50.8,3.0,985,7.6,7.6,7.3,22,69.1,0.00,1218,1
15,7.5,142,39.4,2.0,860,7.6,7.6,7.3,12,80.0,0.00,889,1
0.21,7.5,132,69.7,?,1073,7.4,7.4,7.3,18,80.0,?,1224,1
1.50,7.7,292,33.8,3.5,1261,7.6,7.6,7.4,238,73.9,2.00,1304,1
3.00,7.6,168,69.0,3.1,1042,7.6,7.6,7.4,28,82,0.00,1087,1
1.00,7.7,192,75.0,4.5,1426,7.7,7.7,7.4,33,84.8,0.00,1636,1
3.50,8.1,222,67.6,5.8,1597,8.1,7.9,7.4,25,84.0,0.00,1422,1
1.20,7.6,186,74.2,4.5,1220,7.5,7.5,7.4,25,84.0,0.02,1411,1
3.50,7.8,200,74.0,5.0,1302,7.7,7.6,7.4,20,85.0,0.05,1473,1
4.50,7.8,212,68.9,4.5,1542,7.8,7.8,7.4,41,85.4,0.05,1395,1
1.75,7.7,132,69.7,2.7,1332,7.7,7.7,7.4,27,77.8,0.05,1482,1
1.00,7.7,162,77.8,3.2,1432,7.6,7.6,7.4,21,90.5,0.05,1572,1
2.00,7.9,152,73.7,4.5,1608,7.9,7.8,7.4,26,84.6,0.02,1490,1
4.50,7.7,158,68.4,2.5,1260,7.7,7.8,7.4,17,88.2,0.00,1365,1
3.00,7.5,204,61.8,4.0,1026,7.5,7.5,7.4,69,83.1,0.10,1092,1
6.00,7.2,170,64.7,?,1125,7.3,7.3,7.4,19,73.7,?,1306,1
2.00,7.6,174,64.4,3.5,1110,7.6,7.4,7.4,73,81.1,1.50,1256,1
1.00,7.3,188,57.4,4.0,1179,7.3,7.3,7.4,10,70.0,0.00,1264,1
0.70,7.3,212,67.9,4.5,1922,7.3,7.4,7.4,24,70.8,0.10,1796,1
8.50,7.5,226,67.3,?,1075,7.5,7.5,7.4,15,80.0,?,1170,1
0.70,8.0,204,70.6,?,1455,7.9,7.9,7.4,20,88.0,?,1590,1
3.50,7.6,280,34.3,3.5,651,7.6,7.5,7.4,14,85.7,0.00,937,1
3.70,7.3,180,32.2,1.8,940,7.4,7.5,7.4,10,80.0,0.00,683,1
4.40,7.6,204,67.6,3.5,1565,7.6,7.6,7.4,13,92.3,0.01,1467,1
3.42,7.4,202,72.3,?,1337,7.4,7.4,7.4,11,90.9,?,1365,1
2.92,7.5,108,81.5,3.0,1135,7.5,7.5,7.4,15,78.7,0.01,1220,1
19.1,7.6,298,55.7,5.0,1340,7.6,7.5,7.4,24,78.3,0.01,1300,1
3.00,7.7,214,69.2,6.5,2660,7.7,7.6,7.5,17,94.1,0.00,2590,1
3.00,7.8,186,68.8,4.5,1644,7.8,7.7,7.5,28,82.1,0.00,1764,1
6.00,7.8,262,64.1,5.0,1603,7.8,7.8,7.5,26,84.6,0.05,1703,1
5.00,7.7,334,40.7,6.0,1613,7.6,7.6,7.5,18,66.7,0.00,1606,1
2.50,7.7,194,69.1,4.5,1249,7.7,7.7,7.5,19,84.2,0.03,1338,1
0.70,7.6,116,58.6,1.2,1238,7.9,7.7,7.5,104,78.8,0.06,1221,1
3.50,7.6,188,57.4,2.5,1300,7.6,7.6,7.5,41,82.9,0.02,1545,1
1.20,7.8,246,63.4,4.0,1556,7.7,7.7,7.5,26,82.7,0.03,1606,1
1.20,7.6,222,61.3,5.5,1600,7.7,7.6,7.5,53,84.2,0.02,1780,1
3.00,7.6,214,57.0,7.0,1591,7.5,7.5,7.5,25,68.0,0.00,1597,1
7.50,7.9,212,62.3,3.5,1339,7.9,7.8,7.5,20,75.0,0.05,1377,1
4.25,7.8,136,76.5,2.5,1063,7.8,7.8,7.5,24,83.3,0.00,1220,1
0.70,8.2,204,66.7,6.7,1692,8.3,7.9,7.5,59,81.4,0.05,1483,1
1.50,7.9,172,65.1,3.8,1379,8.0,7.8,7.5,35,82.9,0.00,1470,1
2.00,8.0,176,70.5,4.0,1265,8.0,7.8,7.5,31,83.9,0.00,1442,1
0.90,7.5,170,76.5,3.5,1130,7.6,7.7,7.5,33,90.9,0.05,1274,1
1.00,7.9,206,70.9,5.5,1422,7.9,7.8,7.5,40,84.2,0.02,1342,1
1.20,8.0,264,65.2,5.2,1489,8.1,7.9,7.5,38,88.4,0.05,1716,1
1.00,7.8,170,74.1,4.0,1406,7.7,7.7,7.5,29,87.4,0.02,1445,1
2.00,7.7,162,67.9,4.0,1241,7.7,7.7,7.5,45,74.1,0.05,1399,1
0.35,7.6,136,54.4,4.5,993,7.5,7.6,7.5,17,51.8,0.03,903,1
1.00,7.8,220,65.5,5.5,1617,7.9,7.8,7.5,31,77.4,0.01,1492,1
3.00,7.8,180,67.8,5.2,1832,7.9,7.8,7.5,30,82,0.00,1590,1
2.00,7.8,226,70.8,8.0,1544,7.9,7.8,7.5,34,86.7,0.02,1239,1
3.50,7.8,188,72.3,5.0,1540,7.9,7.8,7.5,39,83.7,0.02,1503,1
1.00,8.1,242,66.9,6.5,1652,7.9,7.9,7.5,36,83.3,0.05,1552,1
3.50,7.9,192,70.8,6.5,1494,7.8,7.7,7.5,22,84.1,0.05,1596,1
17,7.7,292,63.7,7.5,2240,7.6,7.7,7.5,36,80.6,0.01,2580,1
1.70,7.8,158,67.1,4.0,1292,7.8,7.8,7.5,27,77.8,0.05,1635,1
3.50,7.8,186,62.4,3.2,1651,7.8,7.9,7.5,38,81.6,0.05,1597,1
1.8,7.9,186,72.0,4.0,1729,7.9,7.8,7.5,26,82.5,0.01,1861,1
5.00,7.9,204,53.9,4.0,1989,7.7,7.8,7.5,18,75.0,0.00,1800,1
10,8.1,300,49.3,3.7,1636,8.0,7.9,7.5,22,90.9,0.05,1291,1
2.00,8.1,172,58.1,2.5,1379,8.0,8.0,7.5,26,76.9,0.00,1542,1
1.50,7.4,264,54.5,5.5,1361,7.4,7.5,7.5,54,74.1,0.10,1506,1
1.00,7.6,218,67.9,6.0,1095,7.6,7.5,7.5,41,73.2,0.50,1146,1
1.00,8.0,208,65.4,5.5,2150,7.9,7.6,7.5,32,84.4,0.00,2290,1
2.00,7.7,176,58.0,3.5,1335,7.8,7.7,7.5,11,100,0.00,1308,1
1.40,7.5,148,62.2,3.0,1530,7.5,7.5,7.5,22,72.7,0.02,1100,1
2.00,7.3,284,49.3,4.0,991,7.5,7.3,7.5,34,72.9,0.02,1070,1
4.50,7.7,186,?,5.0,1818,7.6,7.5,7.5,13,?,0.02,1726,1
0.40,7.6,400,59.0,3.5,2080,7.5,7.4,7.5,28,71.4,0.05,2170,1
0.96,7.8,146,83.6,?,1441,7.8,7.7,7.5,19,92.6,?,1491,1
1.97,7.3,234,38.5,1.5,1190,7.4,7.4,7.5,19,63.2,0.02,1631,1
0.60,7.5,120,56.7,1.5,1200,7.5,7.6,7.5,10,68.0,0.00,1353,1
0.70,7.2,186,65.6,?,1398,7.4,7.5,7.5,31,83.9,?,1543,1
1.80,7.5,180,40.0,1.4,810,7.5,7.5,7.5,14,92.9,0.02,949,1
1.60,6.9,242,65.3,5.0,1183,7.3,7.3,7.5,78,74.4,0.02,1374,1
1.50,8.1,140,67.1,3.0,1319,8.0,7.6,7.5,22,86.4,0.01,1289,1
5.70,7.7,290,51.0,4.0,2150,7.7,7.6,7.5,46,75.7,0.01,2060,1
0.20,7.8,138,73.9,3.8,1870,7.8,7.8,7.5,14,88.6,0.01,1809,1
5.90,7.6,174,67.8,?,1102,7.6,7.5,7.5,16,87.5,?,1213,1
0.50,7.3,124,67.7,2.0,1210,7.4,7.4,7.5,29,82.9,0.02,1259,1
0.20,7.3,166,73.5,3.0,1072,7.4,7.4,7.5,11,100,0.02,999,1
5.00,7.6,186,69.9,3.4,1666,7.7,7.7,7.6,21,81,0.05,1888,1
3.50,7.9,192,65.6,4.5,2430,7.8,7.8,7.6,20,96.7,0.00,1840,1
1.50,8.0,176,64.8,4.0,2110,7.9,7.8,7.6,22,65.9,0.02,2120,1
2.00,7.8,200,69.0,5.0,1865,7.8,7.8,7.6,27,87.0,0.02,1616,1
0.70,7.9,230,67.0,5.5,1410,8.1,7.7,7.6,131,79.6,3.50,1575,1
?,8.1,174,67.8,3.0,2390,7.8,7.8,7.6,98,87.8,0.00,2550,1
1.5,7.8,214,58.9,5.5,1605,7.7,7.7,7.6,20,85.0,0.00,1110,1
1.20,7.7,200,74.0,4.0,1856,7.6,7.5,7.6,23,78.3,0.01,1706,1
3.00,7.8,308,49.4,6.0,1927,7.7,7.7,7.6,23,69.7,0.00,1869,1
3.50,7.9,184,67.4,4.0,1224,8.1,7.7,7.6,32,81.3,0.00,1420,1
1.00,7.7,366,55.7,6.5,2400,7.8,7.8,7.6,88,76.1,0.25,2390,1
1.20,8.0,228,75.4,7.0,1532,8.0,7.8,7.6,25,90.6,0.00,1445,1
2.00,7.8,174,67.8,4.0,1315,7.8,7.7,7.6,24,91.7,0.02,1509,1
1.2,8.2,186,72.0,0.4,1310,8.0,7.9,7.6,33,78.7,0.02,1340,1
1.20,7.6,196,68.4,4.5,1421,7.7,7.7,7.6,23,84.1,0.02,1354,1
1.00,8.1,164,75.6,3.5,1548,8.1,7.9,7.6,37,95.5,0.02,1409,1
3.00,7.8,194,68.5,5.0,2020,7.8,7.7,7.6,15,93.3,0.00,2400,1
1.40,7.9,170,76.5,4.0,1365,7.9,7.9,7.6,18,80.6,0.00,1481,1
5.00,8.0,166,73.5,3.5,1700,8.1,7.9,7.6,29,86.2,0.00,1764,1
1.75,7.8,168,71.4,2.3,1477,7.8,7.8,7.6,?,?,?,1445,1
1.00,7.6,256,65.6,5.5,1510,7.6,7.7,7.6,25,76.8,0.05,1461,1
1.20,7.8,232,53.4,5.0,1310,7.8,7.7,7.6,19,65.3,0.00,1404,1
3.00,7.7,456,22.8,4.0,1007,7.6,7.6,7.6,16,68.8,0.00,1194,1
3.00,7.7,328,60.4,7.0,1392,7.7,7.8,7.6,44,74.2,0.30,1213,1
1.40,7.8,172,67.4,4.0,1160,7.7,7.7,7.6,42,81.0,0.05,1304,1
1.20,7.9,192,62.5,7.0,1434,7.9,7.7,7.6,34,76.5,0.00,1469,1
1.20,7.8,248,56.5,6.5,1213,7.8,7.8,7.6,20,75.0,0.00,1395,1
1.00,7.6,316,30.4,3.0,1079,7.7,7.6,7.6,39,59.0,0.00,1176,1
1.20,7.8,176,45.5,1.5,1140,8.0,7.9,7.6,16,68.8,0.00,1014,1
2.00,7.9,178,71.9,3.5,1038,7.8,7.7,7.6,19,89.5,0.02,1148,1
3.00,7.8,350,41.7,5.0,1265,7.8,7.8,7.6,18,66.7,0.02,1309,1
1.20,7.5,116,68.9,2.0,1119,7.7,7.7,7.6,22,83.6,0.03,1149,1
1.20,8.1,174,66.7,7.0,1205,7.9,7.8,7.6,24,76.7,0.05,1244,1
1.50,7.9,206,56.3,4.0,1300,7.9,7.9,7.6,20,76.0,0.02,1202,1
1.00,7.9,324,48.1,6.5,1319,7.9,7.9,7.6,67,73.6,0.50,1398,1
4.50,7.5,256,46.9,4.2,2070,7.4,7.5,7.6,27,74.1,0.00,2700,1
5.00,7.8,220,53.6,4.5,1790,7.8,7.8,7.6,20,70.0,0.00,1660,1
1.50,7.4,232,64.7,4.5,1858,7.6,7.6,7.6,38,76.8,0.02,1511,1
0.40,7.5,260,46.2,4.3,2140,7.5,7.5,7.6,20,78.0,0.00,1950,1
1.70,7.5,360,?,4.0,806,7.5,7.5,7.6,11,?,0.02,905,1
1.60,7.7,222,58.6,3.0,1828,7.6,7.6,7.6,13,?,0.00,1868,1
4.00,7.5,370,56.8,6.0,1396,7.6,7.6,7.6,11,70.9,0.00,1311,1
0.40,7.6,210,52.4,4.0,2340,7.5,7.4,7.6,34,71.8,0.00,2080,1
0.27,7.4,172,65.1,4.5,1207,7.4,7.4,7.6,15,72.0,0.01,1162,1
0.83,8.2,356,72.5,10,2170,8.0,7.9,7.6,12,71.7,0.01,2330,1
2.87,8.1,216,73.2,?,1755,8.0,7.9,7.6,18,84.4,?,1750,1
0.90,7.6,146,68.5,?,1299,7.8,7.9,7.6,32,78.8,?,1430,1
8.10,8.0,230,47.8,?,1599,7.9,7.9,7.6,20,70.0,?,1554,1
0.13,8.2,286,79.0,?,2950,7.9,7.7,7.6,31,87.7,?,2790,1
1.24,8.0,168,70.2,4.3,1410,8.0,7.9,7.6,22,86.4,0.00,1203,1
3.40,7.9,264,75.0,?,2150,7.8,7.7,7.6,22,86.4,?,2210,1
1.70,7.7,122,49.2,2.5,990,7.7,7.6,7.6,18,83.3,0.00,1109,1
2.00,7.7,172,62.8,?,928,7.6,7.7,7.6,16,87.5,?,940,1
0.62,8.1,196,60.2,4.5,1105,8.3,7.8,7.6,27,85.2,0.01,1312,1
1.32,8.0,178,62.9,4.0,1180,8.0,7.9,7.6,19,89.5,0.01,1406,1
12.5,7.5,196,72.5,?,1245,7.6,7.7,7.6,14,91.4,?,1207,1
1.30,7.5,114,73.7,2.5,1103,7.6,7.6,7.6,10,96.0,0.00,1131,1
1.70,7.9,160,56.3,2.0,1543,7.9,7.8,7.6,14,85.7,0.00,1565,1
0.94,7.9,136,67.6,3.0,1235,7.7,7.7,7.6,11,90.9,0.02,1279,1
0.12,7.7,2008,17.9,?,1257,7.6,7.5,7.6,13,76.9,?,1289,1
0.50,7.6,174,62.1,5.0,1035,7.7,7.7,7.6,12,82.3,0.02,1140,1
0.75,7.6,1228,22.8,36,1889,7.6,7.7,7.6,17,82.4,0.02,1932,1
0.99,7.8,964,23.7,18,2120,7.8,7.8,7.6,20,75.0,0.03,1966,1
2.20,7.5,278,78.4,4.3,1439,7.6,7.6,7.6,13,96.2,0.00,1423,1
2.70,7.6,204,71.6,5.5,1187,7.7,7.6,7.6,57,88.2,0.05,1312,1
0.70,7.5,242,55.4,5.3,958,7.7,7.7,7.6,10,90.0,0.00,1082,1
9.00,7.7,322,50.3,5.5,1196,7.7,7.8,7.6,24,79.2,0.02,1250,1
6.60,7.8,198,71.7,3.5,1535,7.7,7.7,7.6,14,76.8,0.01,1605,1
6.30,7.7,244,57.4,4.0,1413,7.8,7.7,7.6,32,82.5,0.01,1410,1
5.70,7.7,254,59.8,6.0,1202,7.7,7.7,7.6,18,100,0.00,1205,1
1.00,7.6,222,65.8,5.5,1518,7.6,7.6,7.6,74,83.8,0.25,1642,1
0.90,7.3,216,62.0,3.0,1367,7.4,7.5,7.6,39,71.8,0.01,1444,1
4.00,7.5,208,75.0,5.0,1672,7.5,7.5,7.6,21,70.5,0.01,1603,1
1.80,7.6,224,64.3,4.0,2150,7.7,7.6,7.6,33,82.4,0.01,2240,1
2.40,7.6,200,49.0,2.8,2110,7.6,7.6,7.6,28,85.7,0.02,1959,1
0.55,7.4,170,69.4,3.0,1450,7.4,7.4,7.6,26,78.5,0.01,1693,1
1.75,7.7,178,62.9,3.0,1459,7.7,7.7,7.6,11,81.8,0.02,1607,1
0.92,7.7,168,64.3,4.3,1019,7.7,7.7,7.6,15,80.0,0.00,1056,1
1.75,7.2,138,63.8,?,1769,7.4,7.5,7.6,9,88.9,?,2030,1
1.25,7.5,218,61.5,4.5,1535,7.6,7.7,7.6,14,71.4,0.02,1679,1
0.36,7.6,232,53.4,5.0,1565,7.7,7.8,7.6,22,81.8,0.03,1610,1
3.90,7.8,200,66.0,5.0,1592,7.8,7.7,7.6,14,85.7,0.01,1483,1
3.30,7.3,208,56.7,3.5,1134,7.5,7.6,7.6,12,83.3,0.01,1226,1
3.20,7.6,190,57.9,5.5,1305,7.7,7.8,7.6,26,73.1,0.01,1190,1
3.00,7.6,266,38.4,2.5,1418,7.7,7.7,7.6,18,68.9,0.02,1498,1
7.30,7.6,178,64.0,3.5,1627,7.7,7.6,7.6,23,80.0,0.05,1799,1
0.55,7.5,172,37.2,1.4,732,7.5,7.5,7.6,16,85.0,0.02,728,1
0.23,7.6,98,71.4,2.0,866,7.6,7.6,7.6,17,87.1,0.02,879,1
1.00,8.1,192,70.8,4.0,1454,8.1,7.9,7.7,37,83.8,0.00,1275,1
1.50,8.1,190,68.4,5.2,1392,8.0,8.1,7.7,26,82.1,0.00,1574,1
1.20,7.8,216,51.9,3.5,1415,7.8,7.7,7.7,26,80.8,0.05,1390,1
1.00,7.6,248,80.6,5.5,2310,7.7,7.7,7.7,23,73.0,0.02,1813,1
1.0,7.5,214,63.6,5.5,1308,7.6,7.7,7.7,11,87.3,0.02,1345,1
6.00,7.6,236,62.7,4.9,1400,7.7,7.6,7.7,17,70.6,0.05,1480,1
8.00,7.7,268,53.7,5.8,1212,7.9,7.7,7.7,12,83.3,0.00,1320,1
1.20,7.5,184,64.1,2.8,1127,7.5,7.5,7.7,17,76.5,0.00,1317,1
1.20,7.9,224,66.1,6.5,1409,7.9,7.9,7.7,49,80.3,0.10,1334,1
0.80,7.7,164,61.0,5.5,1177,7.7,7.9,7.7,32,77.1,0.02,1390,1
1.20,7.9,162,59.3,3.0,937,7.9,7.8,7.7,25,88.0,0.00,1060,1
0.60,8.0,248,61.3,6.3,1179,8.0,7.8,7.7,22,84.1,0.00,1107,1
0.70,7.8,202,57.4,4.5,1525,8.0,7.8,7.7,19,86.8,0.00,1309,1
0.80,7.7,210,65.7,5.0,1535,7.6,7.8,7.7,13,50.0,0.00,1516,1
1.50,7.8,192,63.5,3.5,1056,7.7,7.7,7.7,18,83.3,0.00,1165,1
1.00,7.9,180,55.6,3.0,1376,7.9,7.9,7.7,24,75.0,0.00,1399,1
0.70,7.6,172,46.5,2.5,940,7.7,7.7,7.7,21,87.6,0.00,1107,1
5.00,7.8,236,38.1,4.0,1179,8.0,8.0,7.7,16,78.1,0.02,899,1
1.50,8.1,330,37.0,6.0,1234,8.0,7.9,7.7,13,69.2,0.02,1229,1
2.00,7.9,156,64.1,3.1,1340,7.9,7.9,7.7,14,92.9,0.00,1423,1
1.50,7.9,122,77.0,3.5,1026,7.9,7.8,7.7,11,100,0.00,1039,1
2.50,7.8,202,58.4,2.0,1327,7.7,7.8,7.7,16,87.5,0.00,1454,1
0.70,7.8,150,69.3,3.0,1304,7.8,7.7,7.7,41,79.3,0.02,1341,1
0.60,7.7,124,61.3,2.6,1087,7.8,7.8,7.7,28,64.3,0.10,1008,1
1.00,7.8,184,50.0,3.3,1278,7.8,7.8,7.7,48,74.2,0.05,1310,1
3.00,7.8,236,71.2,4.0,1397,7.9,7.8,7.7,84,81.6,0.20,1480,1
1.50,7.5,506,35.6,6.3,2590,7.4,7.6,7.7,33,75.0,0.08,2850,1
1.70,7.6,226,53.1,4.0,1390,7.6,7.6,7.7,15,69.3,0.02,1358,1
6.50,7.6,176,50.0,3.0,859,7.6,7.6,7.7,18,68.9,0.02,1020,1
5.00,7.6,164,57.3,3.2,1095,7.6,7.6,7.7,14,82.9,0.00,1095,1
3.60,7.6,564,31.6,7.0,1554,7.6,7.6,7.7,9,80.0,0.00,1267,1
2.71,7.8,194,47.4,3.0,1831,7.8,7.8,7.7,9,75.6,0.00,1813,1
2.42,7.7,186,39.8,2.5,1288,7.7,7.7,7.7,15,56.0,0.02,1317,1
0.90,7.7,204,62.7,4.5,1490,7.7,7.7,7.7,11,80.0,0.02,1361,1
0.70,7.5,176,59.1,3.0,1120,7.6,7.6,7.7,15,77.3,0.05,1040,1
1.00,7.5,188,67.0,5.0,1950,7.5,7.6,7.7,15,61.3,0.00,1570,1
0.40,7.6,142,64.8,1.5,1939,7.6,7.6,7.7,21,59.0,0.03,1959,1
0.90,7.5,188,?,2.8,2260,7.6,7.6,7.7,14,?,0.00,2100,1
1.00,8.1,212,79.3,7.0,1990,8.1,8.1,7.7,22,89.1,0.01,2130,1
1.30,8.2,310,55.5,6.0,1059,8.2,8.1,7.7,18,77.8,0.02,1210,1
5.45,8.0,184,79.3,4.0,2110,8.0,8.1,7.7,33,80.8,0.01,2270,1
0.47,8.2,128,71.9,3.0,1520,8.2,8.1,7.7,11,90.9,0.00,1280,1
1.02,7.9,162,75.3,3.8,1344,7.9,7.9,7.7,14,71.4,0.00,1468,1
0.30,8.0,118,73.0,5.0,1727,8.1,8.1,7.7,18,66.7,0.01,1750,1
1.50,8.2,256,40.6,3.0,1456,8.1,8.0,7.7,14,71.4,0.00,1751,1
1.40,8.0,142,73.2,4.5,1440,8.0,7.9,7.7,24,83.3,0.01,1757,1
0.80,8.2,146,65.8,4.0,1758,8.2,8.0,7.7,18,82.2,0.00,1707,1
2.12,8.2,254,73.2,6.5,1685,8.2,8.2,7.7,19,73.7,0.00,1894,1
2.70,8.3,208,71.2,5.5,1979,8.4,8.3,7.7,20,86.0,0.02,1789,1
1.23,8.2,280,72.1,6.5,2390,7.8,8.1,7.7,16,77.5,0.01,2210,1
6.00,7.7,452,45.1,8.0,1313,7.7,7.7,7.7,14,85.7,0.02,1133,1
6.00,7.8,196,69.4,4.5,2190,7.8,7.8,7.7,17,76.5,0.02,2220,1
1.30,8.0,144,66.7,4.5,1221,8.0,7.8,7.7,14,74.3,0.05,1283,1
2.07,7.7,528,43.9,7.0,1105,7.8,7.9,7.7,29,82.8,0.10,1782,1
0.80,7.8,132,75.8,2.5,1568,7.9,7.9,7.7,14,94.3,0.02,1450,1
1.50,7.7,166,66.3,6.0,1667,7.9,7.9,7.7,17,82.4,0.02,1576,1
4.85,7.9,196,68.4,5.0,1711,7.9,7.9,7.7,19,77.8,0.02,1813,1
3.30,7.7,182,73.6,2.5,1698,8.0,8.0,7.7,21,83.8,0.00,1694,1
1.40,7.9,216,40.7,?,1360,7.9,7.8,7.7,18,84.4,?,1514,1
0.70,7.9,148,66.2,2.5,1069,8.0,7.9,7.7,12,83.3,0.00,1244,1
1.60,8.0,242,57.0,6.8,1879,8.1,7.9,7.7,18,88.9,0.03,1605,1
1.60,8.0,242,63.6,5.5,1158,8.0,7.9,7.7,21,76.2,0.00,1285,1
0.98,8.0,160,68.8,4.5,2230,8.2,8.0,7.7,22,83.6,0.00,1754,1
2.60,7.9,166,36.1,1.2,1059,8.0,8.0,7.7,14,85.7,0.00,1046,1
4.20,7.4,228,47.4,3.5,1229,7.7,7.8,7.7,18,77.8,0.00,1382,1
3.03,8.1,166,72.3,4.0,1770,8.1,8.1,7.7,13,84.6,0.00,1722,1
3.20,8.0,166,69.9,4.9,1563,8.0,8.0,7.7,16,87.5,0.02,1736,1
2.65,8.4,200,74.0,?,1542,8.3,8.1,7.7,22,90.9,?,1645,1
8.20,8.1,240,68.3,9.0,1605,8.1,8.1,7.7,28,85.7,0.03,1770,1
2.98,8.2,356,60.7,9.0,1672,8.2,8.1,7.7,20,86.0,0.02,1454,1
4.19,7.7,174,73.6,4.5,1339,7.9,7.9,7.7,19,86.3,0.00,1431,1
5.70,7.8,222,71.2,5.0,1733,7.9,8.0,7.7,24,85.0,0.02,1629,1
2.00,7.9,314,76.4,7.0,2120,7.9,7.9,7.7,23,92.2,0.02,2170,1
3.00,8.4,216,77.8,5.0,1566,8.3,8.2,7.7,12,83.3,0.05,1655,1
1.50,8.2,220,73.6,7.0,1514,8.2,8.0,7.7,17,73.5,0.01,1429,1
0.40,7.8,142,67.6,?,1373,7.7,7.8,7.7,19,85.1,?,1473,1
0.90,7.7,158,65.8,4.0,1133,7.8,7.9,7.7,11,70.9,0.05,1236,1
0.35,8.1,128,70.3,4.0,1496,8.3,8.2,7.7,11,76.4,0.02,1520,1
0.50,8.2,118,79.7,4.0,1697,8.2,8.2,7.7,27,88.3,0.02,1821,1
0.70,8.2,162,75.3,5.3,1620,8.3,8.2,7.7,11,81.8,0.01,1734,1
0.86,7.6,146,69.9,3.5,1146,7.8,7.9,7.7,8,80.0,0.01,1283,1
1.20,8.0,188,73.4,6.0,2200,8.1,8.0,7.7,15,80.0,0.03,2150,1
2.70,8.2,188,76.6,5.3,1329,8.2,8.2,7.7,11,86.4,0.00,1387,1
1.20,7.9,250,71.2,6.5,1379,8.0,8.0,7.7,14,85.7,0.02,1508,1
4.10,7.8,158,55.7,3.0,1436,7.9,7.9,7.7,12,75.0,0.00,1203,1
0.82,7.7,202,66.3,3.0,2350,7.8,7.7,7.7,13,92.3,0.02,1568,1
0.23,7.6,164,57.3,2.5,1000,7.7,7.8,7.7,18,83.3,0.02,906,1
3.25,7.9,456,46.5,8.5,1335,7.9,7.8,7.7,19,82.1,0.02,1493,1
1.74,7.8,248,61.3,5.0,1405,7.7,7.8,7.7,15,86.7,0.01,1390,1
1.50,7.7,238,56.3,4.5,1049,7.7,7.7,7.7,41,80.5,0.03,1126,1
0.76,7.7,272,45.6,5.3,1052,7.8,7.7,7.7,15,100,0.01,1070,1
0.90,7.7,194,60.8,5.9,1725,7.8,7.8,7.7,14,91.4,0.01,1673,1
1.89,7.7,196,64.3,5.5,1219,7.9,7.9,7.7,17,76.5,0.05,1197,1
2.50,7.4,204,68.6,5.0,1328,7.7,7.7,7.7,20,80.0,0.10,1265,1
2.10,7.8,190,61.1,4.5,2070,7.8,7.9,7.7,13,84.6,0.02,1680,1
1.50,7.7,308,62.3,13,1869,7.8,7.9,7.7,27,77.8,0.05,1792,1
0.71,7.7,146,71.2,3.3,1265,7.7,7.7,7.7,44,79.5,0.50,1270,1
0.56,7.8,210,73.3,4.5,1232,7.9,7.9,7.7,22,78.8,0.00,1116,1
0.68,7.8,178,66.3,4.5,1329,7.9,7.9,7.7,23,87.0,0.05,1408,1
0.70,7.7,192,67.7,6.0,1164,7.9,7.9,7.7,15,97.8,0.00,1149,1
4.07,7.9,222,72.1,4.5,1410,7.9,7.9,7.7,16,93.8,0.02,1461,1
6.36,8.1,216,62.0,5.0,1800,8.1,8.0,7.7,12,91.7,0.02,1760,1
9.60,8.1,220,61.8,4.5,1372,8.0,7.9,7.7,18,88.9,0.02,1323,1
1.98,7.9,168,66.7,4.0,1026,7.9,7.8,7.7,16,82.5,0.00,1086,1
6.45,7.5,266,48.1,6.0,1156,7.8,7.9,7.7,13,83.1,0.02,1035,1
6.50,7.7,380,52.6,6.5,1306,7.8,7.9,7.7,19,89.5,0.02,1512,1
1.77,7.6,182,51.6,25,1400,7.7,7.8,7.7,19,84.2,0.05,1316,1
1.73,7.4,242,66.1,4.5,1960,7.6,7.7,7.7,14,78.6,0.01,1788,1
4.20,7.8,208,54.8,3.5,1293,7.8,7.8,7.7,16,93.7,0.01,1318,1
3.70,7.7,154,68.8,3.0,1440,7.8,7.8,7.7,30,86.7,0.01,1479,1
2.60,7.8,288,58.3,4.7,1235,7.8,7.7,7.7,41,82.9,0.02,1399,1
0.80,7.6,170,69.4,4.0,1147,7.7,7.6,7.7,16,87.5,0.00,1170,1
1.40,7.5,148,67.5,2.0,1645,7.5,7.6,7.7,21,85.7,0.00,1760,1
1.60,7.5,168,69.0,2.6,1531,7.5,7.6,7.7,34,79.4,0.02,1648,1
1.00,7.8,216,62.0,5.5,1315,7.8,7.8,7.7,20,75.0,0.05,1142,1
0.58,7.7,242,61.2,4.5,1171,7.8,7.7,7.7,22,81.8,0.05,1333,1
2.22,7.7,218,62.4,5.4,1335,7.7,7.7,7.7,16,75.0,0.01,1379,1
2.50,7.8,264,66.7,7.5,1234,7.7,7.8,7.7,27,77.8,0.02,1247,1
1.50,7.5,324,67.9,7.0,1817,7.6,7.8,7.7,19,77.9,0.00,1819,1
1.00,7.6,286,58.0,6.5,1326,7.8,7.8,7.7,21,74.3,0.02,1361,1
0.72,7.8,190,57.9,5.5,1775,7.8,7.8,7.7,19,67.4,0.02,1605,1
0.73,7.8,222,62.2,4.5,1309,7.8,7.9,7.7,29,75.9,0.02,1523,1
0.85,7.6,198,66.7,5.5,1560,7.7,7.7,7.7,22,81.8,0.01,1635,1
0.45,7.8,164,82.9,4.5,1565,7.8,7.8,7.7,13,83.1,0.01,1560,1
0.47,7.6,188,61.7,2.5,1273,7.5,7.6,7.7,22,76.4,0.01,1371,1
0.40,7.8,366,51.9,6.5,1365,7.7,7.8,7.7,15,80.0,0.02,1374,1
0.88,7.6,274,55.5,5.5,1149,7.7,7.7,7.7,18,82.2,0.10,1180,1
0.70,7.6,194,63.9,5.5,1680,7.6,7.6,7.7,18,77.8,0.01,1840,1
1.60,7.7,136,70.1,1.5,1402,7.7,7.8,7.7,22,81.8,0.05,1468,1
3.00,7.4,194,61.9,3.0,1720,7.5,7.6,7.7,28,77.1,0.02,1772,1
0.23,7.6,234,37.6,1.4,829,7.6,7.6,7.7,18,77.8,0.01,929,1
0.36,7.5,140,71.4,?,962,7.6,7.6,7.7,26,76.9,?,968,1
0.30,7.4,180,64.4,3.0,1060,7.5,7.6,7.7,20,84.0,0.02,1136,1
0.30,7.3,258,65.1,4.0,1260,7.4,7.5,7.7,27,71.1,0.01,1326,1
3.00,8.0,192,66.7,4.5,2240,8.0,8.0,7.8,21,81.0,0.00,2290,0
1.40,7.9,228,64.9,4.6,1431,7.6,7.8,7.8,22,81.8,0.00,1475,0
1.20,7.8,164,58.5,2.3,1075,7.8,7.8,7.8,19,73.7,0.01,1246,0
1.00,7.9,1004,25.5,24,1218,7.8,7.7,7.8,21,81.0,0.05,1172,0
1.40,7.9,562,27.4,7.5,1866,7.9,7.9,7.8,11,61.8,0.02,1800,0
1.50,7.7,216,52.8,3.0,1282,7.8,7.7,7.8,32,71.3,0.02,1295,0
8.00,7.9,300,57.3,7.0,1395,7.9,7.9,7.8,12,91.7,0.02,1423,0
1.20,7.8,232,65.5,5.0,1262,7.8,7.9,7.8,12,75.0,0.00,1234,0
0.60,8.1,448,38.4,5.0,1229,7.8,7.8,7.8,25,90.7,0.05,1021,0
1.50,8.1,180,54.4,2.5,1615,8.0,7.9,7.8,36,74.1,0.02,1345,0
2.50,8.0,288,59.7,7.5,1272,7.9,7.9,7.8,19,78.9,0.00,1437,0
2.00,7.7,184,57.6,4.0,1226,7.7,7.8,7.8,13,69.2,0.00,1136,0
3.00,7.8,292,32.9,3.0,1140,7.8,7.9,7.8,14,77.1,0.00,1276,0
1.75,7.9,180,53.5,3.5,1362,7.9,7.6,7.8,22,86.4,0.00,1555,0
0.80,8.1,184,63.0,3.0,1450,8.0,8.1,7.8,22,76.4,0.02,1357,0
0.70,7.7,120,60.0,3.0,1068,7.8,7.8,7.8,?,?,0.02,1199,0
0.80,7.7,176,61.4,4.0,2200,7.7,7.7,7.8,16,68.8,0.00,2140,0
12.5,7.8,268,44.8,4.5,1570,7.9,7.9,7.8,26,76.9,0.00,1720,0
2.50,7.7,248,58.1,5.5,1330,7.7,7.8,7.8,26,76.9,0.00,1416,0
1.75,7.6,282,63.8,5.3,1444,7.6,7.8,7.8,15,75.3,0.00,1433,0
1.00,7.7,182,?,3.0,1189,7.7,7.7,7.8,20,76.0,0.00,1378,0
1.00,7.7,236,59.3,3.2,2100,7.6,7.7,7.8,49,67.3,0.05,2070,0
1.50,7.6,320,46.3,4.5,1160,7.7,7.7,7.8,28,75.0,0.10,1148,0
6.50,7.8,472,?,6.5,2230,7.8,7.8,7.8,12,?,0.02,1910,0
1.30,7.6,226,51.3,5.5,1324,7.6,7.7,7.8,13,70.8,0.00,1418,0
2.50,7.9,264,61.4,6.5,2750,7.9,7.8,7.8,9,62.2,0.00,2500,0
3.30,7.8,500,27.2,4.2,3230,7.8,7.7,7.8,12,75.0,0.00,3950,0
1.00,7.5,178,57.3,4.0,1620,7.6,7.7,7.8,12,86.7,0.02,1590,0
0.90,7.8,166,?,2.5,1680,7.8,7.8,7.8,14,?,0.02,1672,0
2.00,8.1,214,69.2,5.5,1919,8.2,8.1,7.8,22,81.8,0.00,1690,0
1.70,8.1,188,74.5,4.7,1803,8.1,8.1,7.8,23,87.0,0.00,1932,0
5.90,8.4,190,69.5,?,1380,8.3,8.1,7.8,13,76.9,?,1379,0
5.90,8.2,196,77.6,4.5,2090,8.2,8.1,7.8,19,89.5,0.01,2210,0
1.20,8.2,152,73.7,4.3,1552,8.2,8.2,7.8,14,94.3,0.00,1679,0
18.2,8.1,196,65.3,7.0,2230,8.1,8.2,7.8,20,85.0,0.00,2320,0
1.50,8.3,184,84.8,4.5,1337,8.3,8.3,7.8,19,90.5,0.00,1605,0
1.50,8.1,308,76.6,5.8,1653,8.1,8.1,7.8,16,92.5,0.05,1880,0
0.50,8.1,178,76.4,5.0,1325,8.0,7.9,7.8,17,85.3,0.01,1276,0
0.53,7.9,194,78.4,6.0,1200,7.9,8.0,7.8,14,94.3,0.01,1399,0
5.20,8.0,134,61.2,2.5,1007,8.0,8.0,7.8,11,76.4,0.01,1117,0
1.80,8.1,186,57.0,4.0,1006,8.0,7.9,7.8,11,87.3,0.02,1038,0
1.51,8.2,270,53.3,4.5,1566,8.2,8.2,7.8,21,64.8,0.01,1409,0
2.50,8.0,154,68.8,3.0,1672,8.1,8.0,7.8,17,77.6,0.01,1683,0
1.70,8.3,184,69.6,4.0,1944,8.3,8.1,7.8,17,75.3,0.05,1824,0
4.50,8.2,144,61.1,1.5,1665,8.3,8.0,7.8,10,90.0,0.01,1698,0
0.43,8.0,136,66.2,2.5,2050,8.1,8.2,7.8,20,85.0,0.01,1854,0
0.14,8.2,166,63.9,3.5,1782,8.0,8.0,7.8,23,66.1,0.05,1833,0
3.45,8.2,178,70.8,4.5,2210,8.3,8.2,7.8,28,75.7,0.03,1914,0
2.21,8.1,142,73.2,3.0,1681,8.1,8.0,7.8,14,82.9,0.01,1705,0
0.60,8.1,200,78.0,4.5,2280,8.2,8.0,7.8,13,89.2,0.00,2230,0
2.10,8.1,244,75.4,8.5,2480,8.0,8.0,7.8,18,83.3,0.00,2590,0
5.80,7.7,236,57.6,4.5,1447,7.6,7.7,7.8,14,71.4,0.02,1408,0
2.70,7.9,168,50.0,2.0,1906,7.8,7.8,7.8,16,77.5,0.05,1425,0
4.80,8.0,282,45.4,6.5,850,8.0,7.9,7.8,10,72.0,0.02,882,0
3.70,8.1,156,52.6,2.5,1082,7.9,8.0,7.8,13,83.1,0.02,1079,0
1.60,7.8,134,68.7,2.5,967,7.8,7.8,7.8,28,75.7,0.10,1105,0
5.97,8.1,128,67.2,2.0,1465,8.1,7.9,7.8,24,73.3,0.02,1566,0
1.00,8.2,180,64.4,3.5,1567,8.2,8.1,7.8,22,68.2,0.01,1463,0
2.20,7.9,146,79.5,4.5,1949,7.9,7.9,7.8,21,93.3,0.02,2130,0
2.50,7.8,148,73.0,4.5,1551,7.9,7.9,7.8,14,97.2,0.02,1439,0
3.80,8.1,176,68.2,4.5,2080,8.0,7.9,7.8,16,87.5,0.00,2290,0
4.70,8.0,248,67.7,7.0,1370,8.1,8.1,7.8,13,86.2,0.00,1406,0
2.10,7.9,234,71.8,5.5,2370,7.9,7.9,7.8,18,88.9,0.00,2300,0
2.50,7.8,184,69.6,4.0,1553,7.9,7.9,7.8,22,90.9,0.01,1665,0
1.00,7.9,186,64.5,7.5,2510,8.0,8.0,7.8,20,80.0,0.02,2420,0
3.28,7.9,160,67.5,3.1,1433,7.9,7.9,7.8,18,79.8,0.00,1459,0
2.57,8.0,184,72.8,4.5,2240,8.0,8.0,7.8,14,92.9,0.00,1860,0
10,8.1,350,59.4,0.7,1512,8.1,8.1,7.8,20,90.0,0.10,1565,0
10.7,8.1,264,71.2,6.3,1606,8.2,8.1,7.8,21,85.7,0.05,1455,0
5.30,8.2,312,71.8,7.5,1823,8.2,8.2,7.8,22,90.9,0.02,1850,0
6.25,8.1,156,79.5,4.0,1513,8.2,8.1,7.8,22,90.9,0.01,1682,0
6.20,8.1,252,68.3,6.5,1734,8.2,8.2,7.8,25,96.0,0.07,1821,0
7.60,7.9,212,75.5,5.0,1145,7.9,8.1,7.8,14,88.6,0.00,1249,0
2.50,8.0,228,71.9,7.5,1684,8.0,8.0,7.8,22,87.3,0.02,1740,0
2.00,8.3,212,78.3,4.5,2070,8.3,8.2,7.8,22,?,0.02,2230,0
1.20,8.2,172,73.3,3.0,1658,8.2,8.1,7.8,15,90.0,0.01,1491,0
3.50,8.1,162,76.5,4.0,1854,8.1,8.1,7.8,15,83.3,0.00,1734,0
0.50,7.9,126,74.6,2.5,1113,8.1,8.0,7.8,13,65.4,0.02,1142,0
0.80,8.3,158,70.9,5.0,1178,8.2,8.1,7.8,13,73.1,0.02,1114,0
1.67,7.9,168,77.4,3.5,1353,8.1,8.1,7.8,15,90.0,0.01,1268,0
0.50,8.0,154,74.0,4.5,1260,8.1,8.0,7.8,19,84.2,0.01,1443,0
0.35,8.3,120,71.7,2.5,1385,8.2,8.1,7.8,11,90.9,0.01,1355,0
0.65,7.9,126,66.7,2.5,2450,8.1,8.2,7.8,28,78.6,0.05,2740,0
1.00,8.2,166,72.3,5.5,1343,8.3,8.2,7.8,13,39.2,0.00,1311,0
1.00,8.2,144,72.2,5.0,1233,8.3,8.1,7.8,10,70.0,0.01,1297,0
2.60,8.1,208,69.2,6.5,1474,8.2,8.1,7.8,12,83.3,0.02,1466,0
2.50,8.3,216,71.3,7.5,1663,8.4,8.2,7.8,13,92.9,0.02,1848,0
3.10,7.9,184,69.6,4.5,1912,8.0,8.0,7.8,16,81.3,0.02,1888,0
4.40,7.9,292,57.5,7.5,1268,8.0,7.9,7.8,16,87.5,0.05,1234,0
3.90,7.9,286,54.5,6.5,1174,7.9,7.9,7.8,14,85.7,0.01,1167,0
0.77,7.8,224,67.9,5.5,1300,7.9,7.9,7.8,23,81.2,0.00,1251,0
0.60,7.8,212,70.8,5.5,1338,7.9,7.9,7.8,13,92.3,0.00,1364,0
0.40,7.9,198,70.7,5.0,1479,7.9,7.9,7.8,22,63.6,0.00,1233,0
0.82,7.8,218,66.9,5.5,1842,8.0,7.9,7.8,22,79.5,0.05,1843,0
2.85,7.7,224,66.1,4.5,1475,7.8,7.9,7.8,14,85.7,0.02,1654,0
2.90,7.7,616,59.7,14,1285,7.8,7.9,7.8,20,96.7,0.00,1433,0
1.10,7.6,208,57.7,4.3,1593,7.7,7.7,7.8,22,83.6,0.00,1602,0
0.70,7.6,242,61.2,4.0,1315,7.7,7.7,7.8,104,86.5,0.00,1434,0
1.14,7.8,228,64.0,4.3,1224,7.9,7.9,7.8,16,75.0,0.01,1268,0
1.20,7.7,200,62.0,4.5,1396,7.9,7.9,7.8,16,77.5,0.02,1441,0
1.94,7.7,178,65.2,4.5,1668,7.7,7.8,7.8,22,77.3,0.00,1883,0
2.40,7.6,170,71.8,4.0,1704,7.7,7.7,7.8,10,100,0.01,1817,0
0.54,7.6,194,58.8,2.5,985,7.6,7.7,7.8,20,88.0,0.01,1124,0
1.44,7.5,230,47.0,3.5,1395,7.7,7.8,7.8,17,84.7,0.01,1068,0
1.40,7.6,182,64.8,4.5,1198,7.7,7.8,7.8,15,72.0,0.01,1248,0
1.10,7.3,?,85.0,3.3,1258,7.6,7.7,7.8,?,?,0.01,1165,0
0.50,7.8,240,49.2,4.5,1344,7.7,7.7,7.8,23,81.7,0.02,1144,0
0.27,7.9,226,64.6,5.4,1219,7.9,7.9,7.8,18,83.3,0.02,1105,0
0.17,7.8,310,47.7,6.5,875,7.8,7.8,7.8,19,77.9,0.03,976,0
0.25,8.1,256,56.3,7.5,2210,7.9,7.9,7.8,21,80.0,0.02,1539,0
0.14,7.7,262,60.3,4.5,1700,7.7,7.8,7.8,24,87.5,0.08,1631,0
0.12,7.8,202,63.4,4.7,1473,7.8,7.7,7.8,22,81.8,0.02,1504,0
0.40,7.8,142,71.8,3.0,1494,7.8,7.8,7.8,19,80.0,0.10,1680,0
1.20,7.9,184,73.9,6.5,1384,7.8,7.8,7.8,15,93.3,0.10,1463,0
1.60,7.9,204,64.7,6.0,1798,7.9,7.9,7.8,21,85.7,0.05,1568,0
2.60,7.5,172,66.3,3.0,1520,7.5,7.6,7.8,20,86.0,0.02,1549,0
0.20,7.6,186,71.0,5.0,1114,7.6,7.6,7.8,21,91.4,0.02,1100,0
0.40,7.6,186,67.7,3.0,899,7.6,7.6,7.8,23,76.5,0.02,898,0
0.20,7.7,144,70.8,3.0,940,7.6,7.6,7.8,14,82.9,0.02,947,0
0.62,7.5,154,66.2,1.7,890,7.5,7.7,7.8,13,84.6,0.02,858,0
2.00,7.7,144,72.2,2.0,1031,7.6,7.6,7.8,16,82.5,0.01,1053,0
1.00,7.6,168,69.0,3.5,1240,7.8,7.8,7.9,20,85.0,0.00,1416,0
2.00,7.3,192,62.5,5.5,1320,7.8,7.6,7.9,19,78.9,0.01,1054,0
1.00,7.9,252,61.9,4.7,1512,7.8,7.8,7.9,23,78.3,0.01,1409,0
2.00,8.0,362,35.9,5.0,1093,7.7,7.9,7.9,14,74.3,0.02,1008,0
3.00,7.8,172,69.8,3.5,1454,7.8,7.8,7.9,20,80.0,0.00,1230,0
0.80,7.7,164,61.0,3.0,1623,7.8,7.8,7.9,15,66.7,0.00,1491,0
1.20,8.4,208,57.7,3.3,1160,8.0,8.0,7.9,20,80.0,0.00,1333,0
1.00,8.1,162,56.8,2.3,1050,8.1,8.0,7.9,40,82.5,0.05,1187,0
3.50,7.6,476,27.7,4.5,1603,7.8,7.8,7.9,16,68.8,0.00,1625,0
0.90,7.7,156,53.8,3.5,1358,7.8,7.9,7.9,14,50.0,0.00,1425,0
2.50,7.7,222,46.8,3.5,1087,7.7,7.8,7.9,18,68.9,0.00,1169,0
1.00,7.7,352,52.8,8.0,2540,7.7,7.7,7.9,15,93.3,0.00,2580,0
1.20,7.8,376,56.4,6.0,1683,7.8,7.9,7.9,34,79.4,0.02,1742,0
4.50,7.6,224,51.8,4.5,1463,7.7,7.7,7.9,21,66.7,0.05,2610,0
2.00,7.7,692,29.5,8.0,1589,7.7,7.7,7.9,52,29.2,0.00,1625,0
0.80,7.7,120,?,1.8,1550,7.9,7.8,7.9,74,?,0.20,1661,0
5.00,7.8,256,53.1,5.5,2040,7.8,7.9,7.9,8,57.5,0.02,1690,0
1.14,7.8,244,55.7,5.0,1453,7.8,7.8,7.9,15,74.7,0.00,1458,0
3.40,7.8,304,53.3,6.5,1454,7.8,7.8,7.9,14,74.3,0.02,1324,0
5.35,7.7,260,37.7,4.0,1236,7.8,7.8,7.9,14,82.9,0.00,1611,0
2.20,7.9,188,56.4,4.0,1200,7.9,7.9,7.9,10,92.0,0.00,1084,0
?,7.7,286,51.0,4.5,1180,7.7,7.7,7.9,10,78.0,0.00,1222,0
1.95,7.8,166,67.5,2.0,950,7.8,7.8,7.9,20,80.0,0.02,1093,0
1.00,7.8,132,43.9,1.5,828,7.8,7.9,7.9,39,66.7,0.05,891,0
0.70,7.8,208,20.2,0.8,715,7.8,7.8,7.9,12,73.3,0.00,831,0
0.80,7.6,194,57.7,2.5,997,7.6,7.7,7.9,11,69.1,0.02,990,0
0.30,7.7,130,64.6,2.0,1135,7.7,7.8,7.9,16,67.5,0.02,1143,0
0.50,7.9,296,?,?,1315,7.7,7.8,7.9,33,?,?,1525,0
0.60,7.9,110,?,1.5,1342,7.8,7.8,7.9,23,?,0.00,1375,0
1.50,7.8,290,?,4.5,1818,7.8,7.8,7.9,10,?,0.02,1723,0
1.09,8.7,232,68.1,5.5,1620,8.4,8.4,7.9,17,82.4,0.01,1359,0
0.40,7.9,162,76.5,3.5,1443,8.0,8.2,7.9,12,90.0,0.01,1689,0
1.58,7.8,128,62.5,1.5,1444,7.9,7.9,7.9,9,84.4,0.01,1431,0
2.30,8.1,118,55.9,2.5,1820,8.0,8.1,7.9,12,76.7,0.01,1810,0
0.48,8.5,152,65.8,3.3,1770,8.4,8.2,7.9,30,82.7,0.01,2240,0
7.90,8.1,214,67.3,6.0,1586,8.1,8.0,7.9,32,78.1,0.01,1839,0
2.24,8.4,188,70.2,4.0,2790,8.2,8.0,7.9,19,78.9,0.00,2520,0
3.40,7.7,170,61.2,2.5,1065,7.8,7.8,7.9,20,80.0,0.02,993,0
3.60,7.9,512,33.6,6.0,915,7.9,7.9,7.9,16,80.0,0.00,1021,0
1.25,8.0,126,68.3,2.5,1940,8.1,7.8,7.9,17,72.9,0.02,1891,0
3.50,8.2,208,51.0,5.0,1015,8.2,8.1,7.9,17,58.8,0.02,967,0
2.50,8.3,172,55.8,3.5,1983,8.3,8.1,7.9,20,84.0,0.02,1880,0
6.00,8.2,156,60.3,4.0,1987,8.3,8.2,7.9,11,80.0,0.03,2040,0
2.50,8.1,880,13.2,5.5,1745,7.9,8.0,7.9,13,76.9,0.01,1495,0
3.30,7.9,334,33.5,3.5,1760,8.0,8.0,7.9,18,57.8,0.02,1595,0
1.41,8.1,194,55.7,2.7,1970,8.1,8.0,7.9,22,59.1,0.02,2190,0
0.50,8.0,196,60.2,4.0,1557,8.0,8.0,7.9,26,60.0,0.01,1639,0
0.80,8.1,134,76.1,2.5,1341,8.1,8.1,7.9,17,85.3,0.01,1394,0
2.60,8.2,256,67.2,7.0,1380,8.3,8.2,7.9,11,80.0,0.00,1167,0
0.96,8.1,202,84.2,6.0,1380,8.0,8.2,7.9,17,94.1,0.01,1417,0
3.20,7.9,284,62.7,7.5,1425,8.0,7.9,7.9,19,84.2,0.02,1391,0
0.76,8.1,176,75.0,5.5,1530,8.2,8.1,7.9,19,77.6,0.00,1566,0
4.50,7.8,204,55.9,3.5,1615,7.9,7.9,7.9,13,86.2,0.01,1534,0
0.25,8.0,268,57.5,5.7,1306,7.9,7.9,7.9,18,77.8,0.02,1241,0
1.59,7.8,252,65.1,4.5,2110,7.8,7.9,7.9,24,70.8,0.20,2080,0
?,7.7,216,66.7,4.5,1542,7.8,7.8,7.9,18,88.9,0.05,1365,0
3.30,7.7,184,62.0,3.5,1445,7.7,7.6,7.9,15,70.7,0.15,1337,0
0.50,7.6,506,44.3,7.5,866,7.5,7.6,7.9,20,78.0,0.02,884,0
0.20,7.6,178,60.7,3.5,1049,7.7,7.7,7.9,30,64.0,0.05,828,0
0.10,7.6,146,68.5,1.6,1096,7.6,7.7,7.9,16,70.0,0.01,1083,0
0.47,7.6,148,64.9,2.0,939,7.7,7.8,7.9,13,83.1,0.01,1012,0
0.20,7.5,124,82.3,2.5,1044,7.6,7.7,7.9,12,90.0,0.00,1038,0
0.13,7.6,128,71.9,1.8,992,7.6,7.7,7.9,14,82.9,0.00,1044,0
0.16,7.7,176,56.8,2.3,894,7.7,7.7,7.9,6,100,0.01,942,0
0.32,7.8,172,68.6,4.0,988,7.8,7.7,7.9,16,90.0,0.00,950,0
0.60,7.8,292,58.9,6.5,1109,7.8,7.8,8.0,20,70.0,0.05,1238,0
7.00,7.7,1016,31.5,22,1478,7.8,7.9,8.0,15,73.3,0.00,1378,0
0.70,7.9,192,62.5,4.5,1339,7.8,7.8,8.0,15,66.7,0.00,1344,0
2.00,7.9,456,48.2,11,1147,7.9,8.0,8.0,17,82.4,0.00,1217,0
0.75,8.1,216,55.6,6.5,2440,8.0,7.9,8.0,21,70.5,0.00,2190,0
1.00,7.9,264,55.3,4.0,2270,7.8,8.0,8.0,21,78.1,0.00,1848,0
2.50,7.9,272,43.4,3.5,1704,7.9,7.9,8.0,18,53.3,0.00,1788,0
2.00,7.7,380,53.7,6.0,2160,7.8,7.9,8.0,26,72.3,0.00,2270,0
1.20,7.8,364,45.6,5.5,2220,8.0,7.9,8.0,23,78.3,0.05,2350,0
0.35,8.0,364,20.3,1.6,1403,8.1,8.0,8.0,12,76.7,0.00,1433,0
2.50,7.7,242,25.6,1.4,1400,7.9,7.8,8.0,12,83.3,0.00,1407,0
2.00,8.1,138,39.1,1.4,882,8.1,8.2,8.0,9,88.9,0.00,902,0
1.20,7.8,112,48.2,1.3,1031,7.9,7.9,8.0,16,62.5,0.00,1056,0
2.00,7.8,248,30.6,2.5,910,7.9,7.9,8.0,9,93.3,0.00,919,0
0.80,7.8,234,37.6,2.5,993,7.8,7.8,8.0,10,76.0,0.00,985,0
1.90,7.9,210,69.5,6.5,1835,8.2,8.2,8.0,22,72.7,0.01,1820,0
0.80,7.9,210,47.6,2.5,848,7.9,8.0,8.0,12,58.3,0.02,898,0
1.50,8.4,172,60.5,3.5,1631,8.3,8.2,8.0,18,77.8,0.01,1635,0
3.50,7.9,518,17.8,4.0,1048,7.9,8.0,8.0,20,54.0,0.01,1171,0
2.00,8.0,194,50.5,3.2,1885,8.0,7.9,8.0,16,62.5,0.02,2030,0
1.56,8.4,218,75.2,5.0,1645,8.5,8.3,8.0,13,92.3,0.01,1658,0
2.60,8.1,170,70.6,5.0,1652,8.2,8.2,8.0,20,85.0,0.02,1800,0
33.5,7.5,368,51.1,6.3,1355,7.6,7.9,8.0,?,?,?,1240,0
0.45,7.9,196,64.3,2.5,948,7.8,7.9,8.0,22,85.5,0.00,951,0
1.25,7.7,168,54.8,3.5,1814,7.9,8.1,8.1,15,73.3,0.00,1879,0
0.30,8.1,172,40.7,2.0,1350,8.0,7.9,8.1,14,80.0,0.00,1400,0
0.80,8.0,160,67.5,2.5,1096,7.9,7.9,8.1,15,66.7,0.00,1061,0
2.00,8.1,268,47.8,3.5,1732,8.0,8.0,8.2,17,77.6,0.00,1643,0
0.70,8.1,144,?,1.3,1581,8.3,8.3,8.3,13,?,0.00,1720,0
1.99,8.0,208,74.0,5.3,1585,8.0,7.9,9.7,17,88.2,0.02,1708,0
1.50,8.3,212,69.8,5.7,2270,8.3,8.1,?,?,?,?,?,0